{
  "engine": "nano_vllm",
  "version": "m1_rerun",
  "timestamp": "20260704_205200",
  "scenarios": {
    "short_chat": {
      "scenario_name": "short_chat",
      "num_requests": 50,
      "output_throughput": 28.858118408849943,
      "total_throughput": 64.93653804359414,
      "request_throughput": 0.2885811840884994,
      "avg_latency": 3.464609051272273,
      "p50_latency": 3.453032089397311,
      "p95_latency": 3.5690403784625233,
      "p99_latency": 3.5741972629353405,
      "max_latency": 3.575869159772992,
      "avg_ttft": 0.03658937614411115,
      "p50_ttft": 0.036364625208079815,
      "p95_ttft": 0.038072094321250916,
      "p99_ttft": 0.03986753592267632,
      "avg_tpot": 0.03462646136493092,
      "p50_tpot": 0.03451608983103675,
      "avg_prompt_len": 125.02,
      "avg_output_len": 100.0,
      "total_duration": 173.26146941259503
    },
    "medium_chat": {
      "scenario_name": "medium_chat",
      "num_requests": 30,
      "output_throughput": 28.819185236700886,
      "total_throughput": 104.59923281660586,
      "request_throughput": 0.14409592618350442,
      "avg_latency": 6.9383045247445505,
      "p50_latency": 6.936050556600094,
      "p95_latency": 6.962862439081073,
      "p99_latency": 6.983612551763653,
      "max_latency": 6.990335488691926,
      "avg_ttft": 0.03829449874659379,
      "p50_ttft": 0.038220882415771484,
      "p95_ttft": 0.03956799162551761,
      "p99_ttft": 0.0411393309943378,
      "avg_tpot": 0.03467341721607013,
      "p50_tpot": 0.03466379414569942,
      "avg_prompt_len": 525.9,
      "avg_output_len": 200.0,
      "total_duration": 208.1946436278522
    },
    "long_context": {
      "scenario_name": "long_context",
      "num_requests": 20,
      "output_throughput": 28.434929819435258,
      "total_throughput": 596.9771340941336,
      "request_throughput": 0.2843492981943526,
      "avg_latency": 3.512854411173612,
      "p50_latency": 3.5089414548128843,
      "p95_latency": 3.5348731505684556,
      "p99_latency": 3.537381956037134,
      "max_latency": 3.5380091574043036,
      "avg_ttft": 0.0891795814037323,
      "p50_ttft": 0.0891989441588521,
      "p95_ttft": 0.0986307074315846,
      "p99_ttft": 0.09901133248582482,
      "avg_tpot": 0.034582574038079586,
      "p50_tpot": 0.03453479667730404,
      "avg_prompt_len": 1999.45,
      "avg_output_len": 100.0,
      "total_duration": 70.33602729812264
    }
  }
}