{
  "engine": "nano_vllm",
  "version": "m1",
  "timestamp": "20260703_205705",
  "scenarios": {
    "short_chat": {
      "scenario_name": "short_chat",
      "num_requests": 50,
      "output_throughput": 29.354386661351555,
      "total_throughput": 66.05324086537327,
      "request_throughput": 0.29354386661351556,
      "avg_latency": 3.4059880451858042,
      "p50_latency": 3.3928147284314036,
      "p95_latency": 3.4411276825238017,
      "p99_latency": 3.6161696374416348,
      "max_latency": 3.6717251036316156,
      "avg_ttft": 0.03621601970866323,
      "p50_ttft": 0.036041523329913616,
      "p95_ttft": 0.037607344426214696,
      "p99_ttft": 0.03947047706693411,
      "avg_tpot": 0.03403810126744587,
      "p50_tpot": 0.033901982277518866,
      "avg_prompt_len": 125.02,
      "avg_output_len": 100.0,
      "total_duration": 170.3322933530435
    },
    "medium_chat": {
      "scenario_name": "medium_chat",
      "num_requests": 30,
      "output_throughput": 29.229815139904332,
      "total_throughput": 106.08961405028278,
      "request_throughput": 0.14614907569952165,
      "avg_latency": 6.8409344024956225,
      "p50_latency": 6.75516010960564,
      "p95_latency": 7.276948044588789,
      "p99_latency": 7.381549816783518,
      "max_latency": 7.3912973972037435,
      "avg_ttft": 0.03794131083413958,
      "p50_ttft": 0.037550258450210094,
      "p95_ttft": 0.04113189242780208,
      "p99_ttft": 0.04181945437565446,
      "avg_tpot": 0.034185894932972284,
      "p50_tpot": 0.033759597045411566,
      "avg_prompt_len": 525.9,
      "avg_output_len": 200.0,
      "total_duration": 205.2698578927666
    },
    "long_context": {
      "scenario_name": "long_context",
      "num_requests": 20,
      "output_throughput": 29.195374976743906,
      "total_throughput": 612.9422999492499,
      "request_throughput": 0.29195374976743904,
      "avg_latency": 3.421360298153013,
      "p50_latency": 3.414030311163515,
      "p95_latency": 3.459801136655733,
      "p99_latency": 3.474450298985466,
      "max_latency": 3.4781125895678997,
      "avg_ttft": 0.08872633795253933,
      "p50_ttft": 0.08892672974616289,
      "p95_ttft": 0.0986570195760578,
      "p99_ttft": 0.09866560029797256,
      "avg_tpot": 0.03366296929495428,
      "p50_tpot": 0.03359804271409909,
      "avg_prompt_len": 1999.45,
      "avg_output_len": 100.0,
      "total_duration": 68.5040011163801
    }
  }
}