{
  "engine": "nano_vllm",
  "version": "m2",
  "timestamp": "20260704_211929",
  "scenarios": {
    "short_chat": {
      "scenario_name": "short_chat",
      "num_requests": 50,
      "output_throughput": 27.174070098338056,
      "total_throughput": 61.147092535280294,
      "request_throughput": 0.27174070098338055,
      "avg_latency": 3.6792780156061053,
      "p50_latency": 3.684488364495337,
      "p95_latency": 3.737188754696399,
      "p99_latency": 3.7817879246920345,
      "max_latency": 3.794250801205635,
      "avg_ttft": 0.037893584184348586,
      "p50_ttft": 0.03790548350661993,
      "p95_ttft": 0.039034826867282386,
      "p99_ttft": 0.03963494826108217,
      "avg_tpot": 0.036781660923452086,
      "p50_tpot": 0.03683473793507525,
      "avg_prompt_len": 125.02,
      "avg_output_len": 100.0,
      "total_duration": 183.99893655627966
    },
    "medium_chat": {
      "scenario_name": "medium_chat",
      "num_requests": 30,
      "output_throughput": 27.10109628028408,
      "total_throughput": 98.36342894929106,
      "request_throughput": 0.1355054814014204,
      "avg_latency": 7.378210840312144,
      "p50_latency": 7.403753039427102,
      "p95_latency": 7.461842589639128,
      "p99_latency": 7.487477363776415,
      "max_latency": 7.497506752610207,
      "avg_ttft": 0.03957333955913782,
      "p50_ttft": 0.0394792165607214,
      "p95_ttft": 0.040436127316206695,
      "p99_ttft": 0.04085890697315335,
      "avg_tpot": 0.03687757538066837,
      "p50_tpot": 0.037004182840599184,
      "avg_prompt_len": 525.9,
      "avg_output_len": 200.0,
      "total_duration": 221.39325796812773
    },
    "long_context": {
      "scenario_name": "long_context",
      "num_requests": 20,
      "output_throughput": 26.693954624274856,
      "total_throughput": 560.4262303593384,
      "request_throughput": 0.26693954624274857,
      "avg_latency": 3.741907136887312,
      "p50_latency": 3.7371205734089017,
      "p95_latency": 3.7782199727371335,
      "p99_latency": 3.7799825916066765,
      "max_latency": 3.7804232463240623,
      "avg_ttft": 0.09241744941100478,
      "p50_ttft": 0.09178169630467892,
      "p95_ttft": 0.1030509433709085,
      "p99_ttft": 0.10337293667718768,
      "avg_tpot": 0.03686353219673037,
      "p50_tpot": 0.03680096407693745,
      "avg_prompt_len": 1999.45,
      "avg_output_len": 100.0,
      "total_duration": 74.92333107441664
    }
  }
}