{
  "short_chat": 6241.895936,
  "medium_chat": 6397.101056,
  "long_context": 6953.401344
}