{
  "short_chat": 6537.542144,
  "medium_chat": 6676.905984,
  "long_context": 7173.925376
}