{
  "engine": "nano_vllm",
  "version": "m2",
  "timestamp": "20260711_013719",
  "scenarios": {
    "short_chat": {
      "scenario_name": "short_chat",
      "num_requests": 50,
      "output_throughput": 32.25330141753728,
      "total_throughput": 72.57637884974238,
      "request_throughput": 0.3225330141753728,
      "avg_latency": 3.099846816211939,
      "p50_latency": 3.051598582416773,
      "p95_latency": 3.2872511431574822,
      "p99_latency": 3.331188657581806,
      "max_latency": 3.339379981160164,
      "avg_ttft": 0.03130138784646988,
      "p50_ttft": 0.031106986105442047,
      "p95_ttft": 0.03373484946787357,
      "p99_ttft": 0.034326258823275564,
      "avg_tpot": 0.03099540836732797,
      "p50_tpot": 0.030514256784109156,
      "avg_prompt_len": 125.02,
      "avg_output_len": 100.0,
      "total_duration": 155.02289006859064
    },
    "medium_chat": {
      "scenario_name": "medium_chat",
      "num_requests": 30,
      "output_throughput": 31.997825601200706,
      "total_throughput": 116.13610801955797,
      "request_throughput": 0.15998912800600354,
      "avg_latency": 6.249040721853574,
      "p50_latency": 6.204502657055855,
      "p95_latency": 6.616668752580881,
      "p99_latency": 6.682448209002614,
      "max_latency": 6.686836913228035,
      "avg_ttft": 0.033055299520492555,
      "p50_ttft": 0.03271250054240227,
      "p95_ttft": 0.03588405065238476,
      "p99_ttft": 0.03902520634233952,
      "avg_tpot": 0.03123610764991498,
      "p50_tpot": 0.031013926313300827,
      "avg_prompt_len": 525.9,
      "avg_output_len": 200.0,
      "total_duration": 187.51274148374796
    },
    "long_context": {
      "scenario_name": "long_context",
      "num_requests": 20,
      "output_throughput": 31.544457224337567,
      "total_throughput": 662.2601071963551,
      "request_throughput": 0.31544457224337563,
      "avg_latency": 3.1669327963143585,
      "p50_latency": 3.137240268290043,
      "p95_latency": 3.3383712716400624,
      "p99_latency": 3.367089961916208,
      "max_latency": 3.3742696344852448,
      "avg_ttft": 0.08518712967634201,
      "p50_ttft": 0.08478677645325661,
      "p95_ttft": 0.09385689832270146,
      "p99_ttft": 0.09408471532166005,
      "avg_tpot": 0.03112874410745472,
      "p50_tpot": 0.030833775158783404,
      "avg_prompt_len": 1999.45,
      "avg_output_len": 100.0,
      "total_duration": 63.4025808647275
    }
  }
}