{
  "engine": "nano_vllm",
  "version": "m3",
  "timestamp": "20260711_014557",
  "scenarios": {
    "short_chat": {
      "scenario_name": "short_chat",
      "num_requests": 50,
      "output_throughput": 38.216221564795525,
      "total_throughput": 85.9941417651029,
      "request_throughput": 0.3821622156479553,
      "avg_latency": 2.6160389599204064,
      "p50_latency": 2.5956523455679417,
      "p95_latency": 2.709113259613514,
      "p99_latency": 2.7747430036962033,
      "max_latency": 2.7843010276556015,
      "avg_ttft": 0.02687249556183815,
      "p50_ttft": 0.026762865483760834,
      "p95_ttft": 0.0282434806227684,
      "p99_ttft": 0.02937026008963585,
      "avg_tpot": 0.026153196609682506,
      "p50_tpot": 0.02594666841505754,
      "avg_prompt_len": 125.02,
      "avg_output_len": 100.0,
      "total_duration": 130.83449371159077
    },
    "medium_chat": {
      "scenario_name": "medium_chat",
      "num_requests": 30,
      "output_throughput": 37.8918653467595,
      "total_throughput": 137.52852527606362,
      "request_throughput": 0.18945932673379753,
      "avg_latency": 5.2769275059302645,
      "p50_latency": 5.2224903628230095,
      "p95_latency": 5.512807577475906,
      "p99_latency": 5.547742648273706,
      "max_latency": 5.5584075301885605,
      "avg_ttft": 0.03058539206782977,
      "p50_ttft": 0.03093426674604416,
      "p95_ttft": 0.03317716382443905,
      "p99_ttft": 0.033235152140259745,
      "avg_tpot": 0.02636352821036399,
      "p50_tpot": 0.026091537695733746,
      "avg_prompt_len": 525.9,
      "avg_output_len": 200.0,
      "total_duration": 158.3453320413828
    },
    "long_context": {
      "scenario_name": "long_context",
      "num_requests": 20,
      "output_throughput": 37.02065078466294,
      "total_throughput": 777.2300528986061,
      "request_throughput": 0.3702065078466294,
      "avg_latency": 2.6980299349874257,
      "p50_latency": 2.665240101516247,
      "p95_latency": 2.831679170578718,
      "p99_latency": 2.8648209522664545,
      "max_latency": 2.873106397688389,
      "avg_ttft": 0.09174024723470212,
      "p50_ttft": 0.09089415892958641,
      "p95_ttft": 0.10151114277541637,
      "p99_ttft": 0.10180694304406643,
      "avg_tpot": 0.02632615846214873,
      "p50_tpot": 0.02599449990072636,
      "avg_prompt_len": 1999.45,
      "avg_output_len": 100.0,
      "total_duration": 54.02390173077583
    }
  }
}