{
  "engine": "nano_vllm",
  "version": "m1",
  "timestamp": "20260711_012918",
  "scenarios": {
    "short_chat": {
      "scenario_name": "short_chat",
      "num_requests": 50,
      "output_throughput": 33.08607828344052,
      "total_throughput": 74.45029335339785,
      "request_throughput": 0.3308607828344052,
      "avg_latency": 3.0217681485414505,
      "p50_latency": 2.9375155717134476,
      "p95_latency": 3.2491822075098753,
      "p99_latency": 3.2723699490725995,
      "max_latency": 3.2825840190052986,
      "avg_ttft": 0.03087378799915314,
      "p50_ttft": 0.03041921555995941,
      "p95_ttft": 0.033071070536971094,
      "p99_ttft": 0.033675419092178346,
      "avg_tpot": 0.030211054146891896,
      "p50_tpot": 0.029361786452507734,
      "avg_prompt_len": 125.02,
      "avg_output_len": 100.0,
      "total_duration": 151.12096263468266
    },
    "medium_chat": {
      "scenario_name": "medium_chat",
      "num_requests": 30,
      "output_throughput": 32.981825317735584,
      "total_throughput": 119.70753499072131,
      "request_throughput": 0.16490912658867793,
      "avg_latency": 6.062651231388251,
      "p50_latency": 6.064463272690773,
      "p95_latency": 6.285368053242564,
      "p99_latency": 6.356120877340436,
      "max_latency": 6.3847610875964165,
      "avg_ttft": 0.032313644886016846,
      "p50_ttft": 0.03192206099629402,
      "p95_ttft": 0.0341454241424799,
      "p99_ttft": 0.03433181174099445,
      "avg_tpot": 0.03030320395227253,
      "p50_tpot": 0.030311871563369903,
      "avg_prompt_len": 525.9,
      "avg_output_len": 200.0,
      "total_duration": 181.91837298870087
    },
    "long_context": {
      "scenario_name": "long_context",
      "num_requests": 20,
      "output_throughput": 32.700975781450325,
      "total_throughput": 686.5406360436589,
      "request_throughput": 0.32700975781450325,
      "avg_latency": 3.0548697613179683,
      "p50_latency": 3.025134861469269,
      "p95_latency": 3.2538827285170555,
      "p99_latency": 3.3135332629084586,
      "max_latency": 3.3284458965063095,
      "avg_ttft": 0.08520422987639904,
      "p50_ttft": 0.08476922661066055,
      "p95_ttft": 0.0940394014120102,
      "p99_ttft": 0.09407516539096833,
      "avg_tpot": 0.029996621529712823,
      "p50_tpot": 0.029713703639278506,
      "avg_prompt_len": 1999.45,
      "avg_output_len": 100.0,
      "total_duration": 61.16025446355343
    }
  }
}